type,method,diversity_pct,mean_rmse_m,velocity_kl,acceleration_kl,sj_mean,sj_p25,sj_p75,sample_count
Type1,CRADLE-Full,81.55,2.7972990394376143,1.63002343686632,0.07507832993042086,0.3684940476190476,0.3333333333333333,0.4,200
Type1,No-ACG-proxy,85.15,3.0950482133567827,1.7818749883629545,0.08100964177661106,0.14464285714285716,0.14285714285714285,0.2,200
Type1,Random-50-proxy,84.85000000000001,2.996674606779493,1.832925591670052,0.07870870410049037,0.24688095238095237,0.2,0.3333333333333333,200
Type1,VGAE-only-proxy,81.25,3.1216990351047627,1.9625785390509785,0.07452879011251265,0.25299999999999995,0.2,0.3333333333333333,200
Type2,CRADLE-Full,81.69999999999999,3.069545068432704,2.4877535864066522,0.0687290210901797,0.34650000000000003,0.3333333333333333,0.3333333333333333,200
Type2,No-ACG-proxy,85.45,3.0202036456072676,1.4866130208824113,0.08041842793655955,0.1552638888888889,0.16666666666666666,0.16666666666666666,200
Type2,Random-50-proxy,84.5,3.147610533677947,1.9201162230278765,0.06900744770186536,0.2336309523809524,0.16666666666666666,0.3333333333333333,200
Type2,VGAE-only-proxy,81.95,3.0525003733144427,1.4372293741478464,0.06782253747733744,0.2536150793650793,0.2,0.3333333333333333,200
